participant_id,gf,olm_performance,old_uncertainty,ola_performance,olp_performance,HC_right_relational,HC_right_nonrelational,PC1_neural,PC2_neural,PC1_behavioural,PC2_behavioural
sub-001,113.5,11.16116410344354,0.03798066,8.30163150610915,0.7391147861089655,0.0857142857142857,0.17774793057794763,0.367080852407837,0.2612824104623228,0.6328352523315816,0.2444457003285477
sub-002,121.0,9.04854717055214,0.1037749866666666,9.887708202005866,0.6381383197648186,0.36785714285714277,0.40667982330200636,0.3384677800845995,0.2593721955396125,0.571811265770695,0.3392949399091759
sub-003,124.0,7.530079384491322,0.170586046,6.811867878535511,0.5725096932479313,-0.06071428571428571,0.5728557844547061,0.3611757548126641,0.3120615066864235,0.5080703191165966,0.3192415072740466
sub-004,131.5,8.245890780917083,0.0891056266666666,7.742249650467771,0.6453391290627994,-0.07142857142857141,0.731435824611128,0.3872817110101191,0.2886012447085559,0.7216738984424118,0.2365213266613486
sub-005,133.0,5.799225304211888,0.05780612,9.510765316056691,0.64652989591871,0.35,-0.8116925973482333,0.2836859444359345,0.2642716106765383,0.6539117356063777,0.3060009614648182
sub-006,95.5,11.004504868898108,0.1930258933333333,13.556072937721227,0.6831539400986263,-0.36428571428571427,-0.04455599378846627,0.4637829757110143,0.3344002523251858,0.4841481523510636,0.35210175509499
sub-007,131.5,11.184628110758176,0.0960772333333333,7.881817634610483,0.6107973909378053,0.010714285714285713,-0.2396470971282213,0.4890936563789408,0.3053490352537918,0.5296298015613542,0.4283280872425851
sub-008,104.5,12.187813929569952,0.0938985933333333,11.256443323691364,0.7428156595963697,-0.035714285714285705,-0.10334529995092365,0.4018194819477445,0.3145579980829349,0.7453714637324584,0.117018597486213
sub-009,113.5,15.485729116952053,0.09382598,12.38789460219168,0.6262270723070416,-0.1714285714285714,1.3602574483875833,0.3934699674027053,0.3047851108946411,0.5216456786014515,0.3167440182731171
sub-010,124.0,6.620555965453599,0.04843802,6.896267339042082,0.5415805833680287,0.3214285714285714,,0.502212403429179,0.2893970887978931,0.5457813769187362,0.3850248488882783
sub-011,125.5,7.773972696100212,0.0618002266666666,13.217952931176251,0.6201315309320179,-0.014285714285714282,0.10337086911877628,0.4315521733255097,0.2557658382229252,0.7934681000151363,0.1034576033075607
sub-012,104.5,4.249021995690993,0.1185900533333333,11.680386851606151,0.6550896380628859,-0.22499999999999998,0.8077120872147939,0.3790682705147058,0.2499454950882709,0.6000313836931741,0.3796329875274798
sub-013,91.0,,,,,,0.1646636731926988,,,,
sub-014,103.0,29.197656201069726,0.2518490933333333,18.953704592867933,0.5793342207159315,0.20357142857142854,0.4871252017070669,,,,
sub-015,139.0,8.420261236155529,0.0896866133333333,4.247078541892105,0.7556012059961046,-0.25357142857142856,,0.3546827575489383,0.2513933261161279,0.9056966700416615,0.073352460330299
sub-016,124.0,10.116098329251578,0.1058818486666666,9.065842985794973,0.4880230384213584,0.1714285714285714,-0.2758400773752277,0.3415149410975635,0.2359217279389666,0.7342826155419865,0.2139816549750744
sub-017,128.5,6.034859856835953,0.0962237399999999,9.0419586073767,0.6050696202686854,0.3428571428571428,-0.06859440840766431,0.4246978597635756,0.2541866935901948,0.7713566461273598,0.1313576840976602
sub-018,128.5,8.596784378218787,0.05490124,7.572873139401495,0.7742207093860793,0.18214285714285713,0.0525497868009632,0.3813605326742066,0.3061169891969628,0.7792415627890861,0.1821392118282556
sub-019,130.0,,,,,,0.11471048131799176,,,,
sub-020,119.5,5.98023598277901,0.0614371333333333,3.748819305379221,0.5081072037036602,0.04642857142857142,0.22674602769211702,0.4820955487656079,0.3860263809653875,0.6339826307556037,0.2931389032815616
sub-021,136.0,5.5424702992626855,0.0481475266666666,5.235732450683741,0.5356221113886152,0.09999999999999999,-0.15051608298055674,0.3480531481901892,0.2598115168903012,0.7220644915302675,0.1902843118356948
sub-022,119.5,8.59860878515964,0.0987641666666666,5.584761275472331,0.7332903421114361,-0.1857142857142857,,0.4455382006574503,0.2605904980745807,0.6640113140897593,0.2022305560313076
sub-023,136.0,4.0342129550578845,0.0950605173333333,6.362252816537792,0.471230149269104,-0.028571428571428564,0.25805372330175885,0.3679612173660735,0.2499274473585299,0.7273392303823935,0.2585748900523052
sub-024,89.5,11.081061977277937,0.0557000866666666,9.897017244877988,0.6990712838513513,0.028571428571428564,-0.4441224581736001,0.375520524271581,0.2550347709848225,0.8272900369170242,0.101832310565722
sub-025,112.0,,,,,,0.5178579322432904,,,,
sub-026,118.0,4.796316534232137,0.0923735666666666,10.05841771395551,0.5318627400057656,-0.37499999999999994,0.38415960563516127,0.4436778872697722,0.3240202758570258,0.532894287211695,0.3792165961691437
sub-027,127.0,8.767037923002352,0.0395056686666666,6.418388943266179,0.5812773747103555,0.2964285714285714,-0.2854425933890572,0.5049716593732837,0.3609585680525781,0.4967084204999297,0.4599667467825044
sub-028,110.5,12.724206688566744,0.0844579033333333,14.264939181453045,0.4721955444131578,0.475,,0.2626645838538571,0.2481044596502322,0.7580521958710289,0.1965320963314512
sub-029,131.5,4.527632213366332,0.0583870666666666,7.4299649353824035,0.4705479911395481,0.24642857142857136,,0.3963540048907845,0.23204867766804,0.6992845927883823,0.2417355591384123
sub-030,112.0,11.972917358788107,0.12338264,10.34752830162354,0.5305207220334855,-0.175,0.5899351435688245,0.3342654234738039,0.2409853851107502,0.7955349753791973,0.1347297190448993
sub-031,116.5,,,,,,-0.13662702740889593,,,,
sub-032,125.5,6.158776901933801,0.03790802,5.938670299905204,0.6431043786661967,-0.14285714285714282,-0.3372753583651434,0.6610170022216411,0.2182384457250944,0.5613160159955725,0.3884007438503927
sub-033,130.0,14.092059473700498,0.0843126266666667,8.303921177578575,0.6467677056789398,-0.1357142857142857,-0.44021472161868536,0.4068012216550139,0.3555154816838849,0.6345406077221609,0.2227197242722526
sub-034,128.5,7.427785729313043,0.1021773533333333,10.486101029868555,0.6149531943457468,0.4071428571428571,-0.35128027162523656,0.5022526695707954,0.3149939370437046,0.4918610460112442,0.3833344788504902
sub-035,136.0,15.267797395634808,0.0987641933333333,10.072762500762083,0.5106205060368492,0.10357142857142855,0.5571819927569014,0.5620094577851705,0.1820172400607609,0.5754286346154216,0.315125605080652
sub-036,107.5,,,,,,-0.31244961598014165,,,,
sub-037,112.0,,,,,,0.0714419992145164,,,,
sub-038,115.0,7.726823263694043,0.0513428466666666,9.076873158150004,0.6056958862713404,-0.11071428571428568,-0.2345614458714416,0.2981319383383639,0.2200457021335902,0.4181030595805672,0.3741921145250482
sub-039,124.0,,,,,,0.7341156998037042,,,,
sub-040,119.5,8.346039994694474,0.1243992913333333,5.199188206810022,0.5780341667788369,-0.017857142857142853,-0.023010685372975504,0.3152545686451362,0.2473260042986898,0.6177011534630199,0.1852912726707508
sub-041,125.5,5.915902008896635,0.0793744399999999,7.428596312378734,0.7056576779910497,-0.24642857142857136,-0.03897979687225268,0.2906599740792598,0.2762995085551135,0.5567006006360838,0.2851077160049352
sub-042,106.0,4.721653575961104,0.0584596733333333,7.229739381099097,0.61957072360175,-0.22142857142857136,-0.6804874199668028,0.3613964795053169,0.284412039409943,0.7377355631315793,0.1354944307761665
sub-043,116.5,,,,,,0.3763526453659971,,,,
sub-044,107.5,11.641815503250037,0.1551182799999999,10.8311682564909,0.5223883773599353,0.13214285714285715,,0.2985062470778616,0.2496950045088181,0.647724152812681,0.1611498316825456
sub-045,124.0,5.111312059897887,0.0852276733333333,6.542149945086516,0.4776583867413657,0.021428571428571425,0.43101693689337706,0.4445278104020751,0.2765649791874993,0.7067510219562002,0.2526262863380919
sub-046,125.5,8.597558359163267,0.0869995866666666,7.58789217207003,0.5828723268849508,0.35357142857142854,0.8082944926689545,0.3285544002210312,0.2899912581988522,0.5960144011047256,0.3416653232618065
sub-047,122.5,4.821170959522816,0.0482205766666666,9.91492932778407,0.5484294061938292,0.43214285714285705,0.442153690427964,0.3115144221474322,0.2491312874330061,0.878469710194608,0.1195641410683646
sub-048,106.0,14.420822697286589,0.08336856,8.302588943697268,0.6500622842993056,-0.1607142857142857,-0.21105846346344087,0.3594445178295272,0.2641681762449994,0.655715779435648,0.1756743803202011
sub-049,121.0,,,,,,0.18350488839880152,,,,
sub-050,101.5,7.331789732110155,0.0812626066666666,6.436543484430657,0.6993118616008256,-0.08214285714285713,-0.3813696507563502,0.2806218472960624,0.2370693962770478,0.7095580730349667,0.2706716657427484
sub-051,101.5,9.566289298229115,0.1004344599999999,12.237504820900494,0.6167315074375697,-0.3928571428571428,0.1316962609357494,0.3908353452858879,0.3493710880935254,0.3452319621978704,0.2943685017267436
sub-052,136.0,5.68133827265004,0.0929399866666666,11.8590009162797,0.7854765100138529,0.11785714285714284,0.9398462445743522,0.3861039410731845,0.3623545657536118,0.6278046480232122,0.2812408611463794
sub-053,128.5,8.409101736275447,0.0467677419999999,8.324173969869637,0.5105530917644501,0.43214285714285705,0.35011855202282377,0.3739189454065543,0.2736913832720651,0.7446195014721754,0.2218870805998852
sub-054,103.0,10.010203514305417,0.0832233333333333,10.989546912691502,0.6993366905621119,0.014285714285714282,0.24040590038901394,0.329571701578668,0.3020981769972416,0.7022602455064265,0.1802023986812642
sub-055,107.5,17.960040563629406,0.05344884,8.339836061194648,0.5566606053284238,-0.18928571428571428,0.20309892206544497,0.4252717139624961,0.230773281074355,0.7044435478238453,0.2553083480367238
sub-056,121.0,7.488018128109182,0.1220754399999999,7.675669675071569,0.7259986499945323,-0.1464285714285714,0.203534936063317,0.5741900503707426,0.2136386510214049,0.6661021899415848,0.1687548365952343
sub-057,92.5,7.586231020414785,0.06005732,8.932927154590288,0.6139898640768868,0.007142857142857141,-0.18920356889540074,0.4858393654022915,0.2363625841916077,0.6535724074194629,0.1639797604527924
sub-058,121.0,,,,,,0.36581901748784384,,,,
sub-059,127.0,24.641280109143025,0.0839495666666666,6.448208649430256,0.4888113091389336,0.19999999999999998,1.0233814392436917,0.3767099777833265,0.2451205563205103,0.5187973885733677,0.4519619041640996
sub-060,118.0,,,,,,0.1840870361149305,,,,
sub-061,136.0,6.241351459684965,0.0913568533333333,7.829818479860198,0.628164998122624,-0.2321428571428571,0.13375129684991566,0.4021613242382386,0.2878616284455431,0.6407161542332983,0.3253724599558993
sub-062,119.5,4.924911306955736,0.1037750266666666,7.092618446668862,0.5369807268892015,-0.175,0.5004127421577457,0.4937308352792183,0.3034632542982123,0.5200517578665977,0.4245334360941918
sub-063,122.5,7.9937982193772195,0.0533035973333333,6.421009188926825,0.5714299891676222,0.09285714285714285,-1.3179923436287166,0.3544672375523451,0.2812175839405555,0.85581011743352,0.1312752225967459
sub-064,113.5,5.13125645965977,0.0673194033333333,7.194706516683212,0.6318514602524894,0.18214285714285713,0.16550363136035975,0.3369285955582358,0.264326934605988,0.6667681660447203,0.3332318339552796
sub-065,119.5,10.287501931541382,0.0826423866666666,9.32116147548632,0.6631853952774633,0.06428571428571428,0.706124387579357,0.4102746523598217,0.2071026461188904,0.7332130515490735,0.1415816448293151
sub-066,130.0,5.408811982100724,0.04669512,5.457478438111528,0.6836448013782502,0.532142857142857,0.888968336193173,0.3944366778328348,0.2521072304672673,0.647755321089709,0.2355166339878374
sub-067,95.5,6.33538085759862,0.0854745733333333,9.323340292740264,0.6437851697593542,0.024999999999999998,0.02184704541647337,0.3894853644665041,0.2478065700858447,0.5416710991924131,0.2197166756252699
sub-068,122.5,9.252209205425178,0.1406663199999999,10.47259761056618,0.5044738778046199,-0.21071428571428572,0.7406808431142554,0.437744309037159,0.3308114214695458,0.4607500550834696,0.4187220134697326
sub-069,92.5,7.930613190414018,0.1762504813333333,11.371544856011711,0.750509100300925,-0.14285714285714282,0.23307977392329274,0.469392706012353,0.2472392593747835,0.8455724965940978,0.090627928747609
sub-070,112.0,,,,,,-0.4764591169796818,,,,
sub-071,95.5,,,,,,0.6579167181431356,,,,
sub-072,106.0,24.29563554767373,0.1163383933333333,10.515833685753917,0.6522727575567034,0.11071428571428568,,0.2934417352509595,0.2561237572784526,0.412224220820734,0.38737191749584
sub-073,116.5,5.982229461072673,0.1019595106666666,10.525042539388588,0.6312690019640286,0.07857142857142857,0.4799458445752814,0.3659504715397948,0.3240242529757664,0.6960083175661612,0.2200056834111536
sub-074,137.5,7.412385623410858,0.0759612599999999,4.734818479292919,0.636506587266922,-0.175,,0.3203092515585372,0.3173540339818774,0.7082058132760022,0.2813902368416126
sub-075,134.5,20.39705270021097,0.0673920199999999,16.526783441109703,0.5270318133490424,0.3142857142857143,0.008365842101396482,0.5719764170553747,0.2279129982536025,0.6783551705046439,0.1593133073028911
sub-076,107.5,8.049308385727791,0.12752196,11.12675726551002,0.6161449636731828,0.11428571428571425,0.20889051809169,0.3693590883160765,0.2580258847578552,0.5870642044006825,0.2885958999523241
sub-077,119.5,6.230225789143292,0.0836590799999999,11.17076724573222,0.5230936663491386,0.06071428571428571,-0.6019037917420997,0.3371706749949839,0.2391064748313766,0.8469810364637431,0.1205543582315101
sub-078,119.5,,,,,,0.3085412735994017,,,,
sub-079,107.5,9.665149340420363,0.1355102373333333,10.12772884187719,0.6149416949067797,0.05357142857142857,0.26432894197425455,0.4105368518407003,0.3005559078524813,0.786692505307816,0.1823261002047332
sub-080,122.5,7.433334820884441,0.0525774066666666,11.224836795244435,0.6016413489031415,0.2071428571428571,0.7200003731002597,0.4795346933788056,0.2583882117723518,0.7350006591440648,0.2220865076120841
sub-081,134.5,,,,,,-0.04054351650894858,,,,
sub-082,101.5,10.826533989637383,0.1284297113333333,13.10531924670022,0.5777028586183277,0.18928571428571428,,0.294938267990493,0.233228649927849,0.5414666101045195,0.275789949957791
sub-083,94.0,11.338736272557975,0.0788661133333333,11.494936066100692,0.58401705963271,-0.2714285714285714,-0.21692180359686322,0.3397047508194795,0.2210914367332156,0.6733970849615674,0.2382533470371916
sub-084,118.0,7.622645283531574,0.0356567666666666,8.737073354545524,0.5640961868422371,-0.0035714285714285704,0.13327341890024494,0.5077115032261503,0.2268487439690289,0.6291273753411165,0.3420516507451203
sub-085,136.0,,,,,,0.012603765748887821,,,,
sub-086,128.5,7.276290186516997,0.0625990666666666,9.857079616014724,0.5279832695211684,0.12857142857142856,-0.35423166377806375,0.3525906702230531,0.2575569272761452,0.8259772102599008,0.1368927626352582
sub-087,131.5,5.66226262715147,0.1308625133333333,11.600056814502238,0.5613434256384612,-0.1357142857142857,0.6753928215678536,0.4392034852405628,0.2937226902225542,0.6800785401163508,0.2553111718851262
sub-088,113.5,8.59228458548033,0.1025408859999999,11.649147630477389,0.6214812312807356,0.18214285714285713,0.749535171186466,0.3383010390993235,0.2480331513250873,0.8079367112128166,0.1720775594539588
sub-089,131.5,7.644565766712832,0.0430636513333333,9.1055122561396,0.6440295832497733,-0.2714285714285714,0.7031617004095223,0.5527028107374524,0.2257425050369332,0.8618470028137093,0.0995297768826812
sub-090,95.5,,,,,,-0.22686563482087582,,,,
sub-091,128.5,5.181390566263608,0.0638336399999999,4.87911905377358,0.7463100444484543,-0.12142857142857141,0.519807169480591,0.4318820826361772,0.2839771089206156,0.5358224432784913,0.4044425134668953
sub-092,107.5,7.865859645970462,0.1990542466666666,9.583608831515098,0.739889180218732,-0.10714285714285714,0.13815181269467938,,,,
sub-093,121.0,7.001529115801888,0.0704420933333333,6.946735528847013,0.6125764162199838,0.15,-0.09997108756474239,0.5523304166732568,0.1888224443835301,0.6889721525955924,0.2419776694689752
sub-094,128.5,13.299596230569136,0.0647776766666666,9.546406315137268,0.6108568775906134,-0.10357142857142855,-0.09659293050134717,0.5515296413285895,0.2553010201249471,0.6319161778501519,0.3667347536983174
sub-095,127.0,12.448186256956207,0.0888151713333333,6.574754338083946,0.5633810034820012,-0.024999999999999998,0.027006847677341635,0.4044644540438177,0.2745914359834405,0.7454138149508088,0.1905424335241452
sub-096,116.5,10.414541199105686,0.0491642199999999,7.989156225540696,0.5829040322984967,-0.2607142857142857,0.04411592170858192,0.4742553415779578,0.2733127366559114,0.527065925257763,0.4020476603052148
sub-097,124.0,9.516208399830626,0.1449526666666666,7.616764007899138,0.5862875963960376,-0.0857142857142857,0.6557215055239939,0.3455421434300769,0.2699453663717202,0.7274653003177591,0.2205568660644691
sub-098,112.0,10.117889250073658,0.0826432026666666,9.089355328783986,0.5757258461896705,-0.1464285714285714,-0.4361524970268794,0.3265572173638852,0.2856373088082499,0.8052337801644044,0.1862756175225202
sub-099,113.5,10.343853725299937,0.0594037533333333,13.115152109155751,0.4632248443270486,-0.11785714285714284,0.23464870913970823,0.4304546679292955,0.2305865772958357,0.6792437505913415,0.2662081715012151
sub-100,113.5,6.805149896281932,0.1260699866666667,7.742224009121858,0.5544070771762303,-0.4535714285714285,-0.044747615552938574,0.5200734748574909,0.2271741913234647,0.8195972822400659,0.142516818582276
sub-101,109.0,8.331693325471365,0.0596220266666666,10.369644177210295,0.5163463663171839,-0.22142857142857136,0.9286218931689612,0.4756411488726076,0.2930477737001893,0.5020561402616708,0.3760579063623701
sub-102,113.5,22.32258150122279,0.165720472,11.1234355898258,0.7002915271690915,0.32499999999999996,0.14598352078025084,0.3733021385660251,0.2660335145627093,0.7059068712986768,0.1739825722627635
sub-103,98.5,10.246720418091355,0.1074786666666666,22.819649147013635,0.6314698670591627,0.11428571428571425,0.8513046034352949,0.343397720730512,0.2879446488744024,0.6670935250539851,0.2511491793290683
sub-104,110.5,,,,,,0.6583651056579024,,,,
sub-105,116.5,8.087496897558959,0.0803911599999999,8.418485775083289,0.5571441778114865,-0.06071428571428571,0.11278018706943635,0.3110906832223974,0.2563964605846874,0.637295827850561,0.2425815101682597
sub-106,131.5,9.36760192144471,0.0629621639999999,11.28262432617921,0.5951020580071669,0.4464285714285714,0.5007026560515376,0.5737537086675993,0.1936691803109157,0.7941417295921908,0.1112015526300666
sub-107,94.0,10.170847647957633,0.0767601,11.129552046099882,0.5605236504759107,0.125,,0.3650775849056755,0.3064870076208335,0.6971725078749563,0.2639649481744769
sub-108,134.5,11.235332424756198,0.0593311133333333,8.879791290816483,0.4957518194402968,0.11428571428571425,0.7407676527210354,0.5528854093325606,0.2359175164833989,0.6735586817319397,0.3095875593816449
sub-109,118.0,9.410599386009135,0.0559179666666666,8.115034660218162,0.7167898858035051,-0.16428571428571426,,0.548488512216355,0.2000116096559873,0.7650126273711927,0.1822478224910035
sub-110,115.0,4.803467715869977,0.0719671399999999,13.46686358338674,0.6349182299205236,-0.007142857142857141,0.3797403197902313,0.362266502869413,0.2705886801522285,0.5717657738419843,0.4037147943149697
sub-111,116.5,6.798125359344836,0.1135061733333333,7.737550246610457,0.6131923841834486,-0.39642857142857135,0.11082500351487272,0.3700520224983022,0.2126259140492863,0.68325065692488,0.2458258500338692
sub-112,110.5,9.992558636533929,0.0470590533333333,8.510860671316259,0.6694376638957431,0.21428571428571427,0.2882074365962516,0.4373500654839149,0.2456664786758812,0.7695093645109818,0.1717338970537479
sub-113,134.5,5.142893880517743,0.0870722399999999,10.054223879930015,0.5747009430612836,0.007142857142857141,0.07040299414414129,0.3697189637172142,0.2865805675463306,0.8678263773006242,0.1204771803260369
sub-114,125.5,,,,,,0.6060720491887975,,,,
sub-115,109.0,22.47566000004587,0.1783577666666667,21.15554145461472,0.5376250445842743,-0.09999999999999999,-0.6385967539764245,0.5637954145118032,0.1828245713889121,0.4621919085572564,0.3225911520587015
sub-116,116.5,10.499191214760446,0.0591858933333333,10.401033323617378,0.5650144750794406,0.15,0.6912000860424923,0.3776115167713363,0.3181352724133951,0.628277859631344,0.3193468747008646
sub-117,104.5,8.786906750542096,0.10885974,10.23700529250113,0.6272663303783963,0.1928571428571428,-0.26747977912314125,0.5162522902676534,0.2921229888987843,0.6671993666337354,0.2257718191000697
sub-118,115.0,,,,,,0.9385314477564245,,,,
sub-119,124.0,7.011133469412775,0.0392152,11.758700894983184,0.5367797372557901,0.3178571428571428,-0.3709212498947754,0.4675342074477416,0.4030680323395213,0.8443734530129882,0.1175004508281314
sub-120,106.0,7.573814963193314,0.0612918933333333,6.87364738793134,0.5190087556838989,0.15714285714285714,0.5190165272052949,0.3751025846587117,0.2912925373388135,0.6824965941428883,0.2225234667509186
sub-121,109.0,8.282449272144595,0.1503975099999999,8.158612713220167,0.6273399293422699,-0.30357142857142855,0.4088253150618302,0.3435360153097328,0.2553883858918697,0.7398775664023538,0.1863833853924988
sub-122,128.5,5.469545438451644,0.0655038993333333,3.522464894137499,0.5617363963808331,0.11428571428571425,-0.5397148003194969,0.302681388283262,0.2823018235470667,0.8592545352426088,0.1085183742269005
sub-123,118.0,6.429641289128924,0.079737548,6.492777882875384,0.741777675492423,0.07857142857142857,,0.4681311924968393,0.2573959136531278,0.7129027058840475,0.2785440676410023
sub-124,113.5,6.6055999979400495,0.0779946533333333,7.72612104898047,0.5406287742985619,0.5714285714285713,,0.4962331685148722,0.2098083067949724,0.5769509355930563,0.4057032645481377
sub-125,122.5,6.009332434339977,0.0593311126666666,6.50440197733588,0.6017185492174965,-0.24642857142857136,0.9399192978875575,0.4881233339198795,0.2599999389396421,0.6424214245144176,0.3575785754855823
sub-126,104.5,12.828289134067536,0.0506166599999999,7.403876096490955,0.6144628141607557,0.35357142857142854,0.4084658904303991,0.4461517423994707,0.2532641541690331,0.5414434059085586,0.309113569711697
sub-127,116.5,5.874421805659309,0.0541032713333333,6.34775560907782,0.4990908801555634,-0.04642857142857142,0.3081020670014293,0.6278410350674561,0.2150866005507637,0.7737390276880006,0.201357638606484
sub-128,118.0,,,,,,0.9881892498991902,,,,
sub-129,109.0,19.57346058383389,0.147928424,20.9673574493287,0.5286826321056912,-0.19999999999999998,-0.21197226266206026,0.4714666112414656,0.2998460595048292,0.6389214106261009,0.1785049731500862
sub-130,98.5,5.929295610860577,0.1034845126666666,4.69180842309965,0.7253003100772479,-0.0857142857142857,-0.09589167481219509,0.4081239087793025,0.3006696414920941,0.7375746106727586,0.1860453911719556
sub-131,103.0,9.886512864772708,0.1169197799999999,7.544224794716167,0.626011079423642,-0.06428571428571428,0.0478271642907357,0.3746896259815252,0.3138982711663605,0.5615914118215165,0.3463749881499963
sub-132,113.5,5.838639304000379,0.0974570066666666,6.0944464630199295,0.4466201535293034,-0.5142857142857142,0.20169669673206378,0.4816683938078707,0.2929604900492464,0.5909566891319462,0.3443517632600295
sub-133,139.0,11.127990168973303,0.0785029846666666,11.570423412241452,0.649981027671269,0.06428571428571428,0.5203722833437596,0.3576281708936094,0.267355244088813,0.4962746836492052,0.4642629259352824
sub-134,92.5,6.89661198187725,0.06049306,11.953702324703857,0.6677840352058411,-0.07857142857142857,,0.3314110223651247,0.2776286044729518,0.679590713157371,0.259227746355552
sub-135,103.0,7.7464240457941616,0.0641240866666666,10.642827132020782,0.5369497282164437,-0.7714285714285712,0.21726101558268499,0.3313206363445486,0.2714625727061655,0.7062785140159666,0.2788574990948114
sub-136,122.5,5.751113013309377,0.0494547,9.690887313286485,0.6224446653058289,0.14285714285714282,0.04959355022701973,0.401888495463001,0.29762976849434,0.7624981108598099,0.2124501367850851
sub-137,122.5,8.042691209427216,0.0411033266666666,11.091711649631238,0.5468274908406393,0.21428571428571427,0.3798964632512044,0.3493742770250665,0.3088280697280424,0.6350880014610464,0.3553347724010319
sub-138,133.0,4.615450298187236,0.1493081933333333,6.488815252195081,0.6253593606608254,0.2678571428571428,-0.19268862805238118,0.3351402258010914,0.2919262918474619,0.6136716148124403,0.2577789662813664
sub-139,127.0,8.039261206376402,0.1610727346666666,8.752509067353762,0.612643134499353,-0.07142857142857141,-0.5747201541788005,0.4792398713274183,0.2221674614773303,0.6798952994076903,0.2690058286175351
sub-140,109.0,6.993639046019253,0.1455319213333333,13.151274516736652,0.5134455561637878,-0.5071428571428571,-0.14480048120419864,0.3910767274317723,0.35516654034992,0.5626520354355719,0.3531576230267075
sub-141,127.0,6.376824264726224,0.0566441533333333,9.01205183350967,0.5389854269368308,0.1928571428571428,-0.6327309281746263,0.4621045028663119,0.2275401019149004,0.883037183237706,0.0862498827237402
sub-142,121.0,8.916132369542888,0.1171371999999999,11.735910650288416,0.6409549353803907,0.035714285714285705,-0.24707996836418405,0.3451786705568099,0.2885914639545991,0.6412571413914923,0.2681630471746042
sub-143,97.0,13.15763542375744,0.0724028386666666,17.939809137349844,0.629148040499006,-0.1928571428571428,0.19976423439630628,0.4412178400130705,0.2523934927376784,0.6043667972412955,0.2285457423564756
sub-144,92.5,8.776880018182935,0.1201159499999999,17.231767632344074,0.5395532799145532,0.2642857142857143,,0.4598112825968928,0.2128780150469063,0.8381323561745501,0.1583031354259536
sub-145,118.0,7.408854631181982,0.0441533733333333,11.42744801986492,0.5916815868445806,0.1928571428571428,0.07047620120156335,0.3771044998384322,0.3441461586340496,0.75274701996123,0.1485851989870434
sub-146,128.5,6.663430946869772,0.0551191133333333,3.870243463520293,0.5854842364788055,-0.2964285714285714,0.4432710738605766,0.483317408041768,0.2799104885600089,0.6959419923376567,0.2680739422868279
sub-147,110.5,14.349227246771004,0.1233099466666666,10.194266393429729,0.6506279238632747,0.024999999999999998,-1.2183282424800268,0.4055051897494969,0.2482780306566835,0.6631055784862373,0.2968476888871043
sub-148,109.0,9.16266517058756,0.04393594,8.436188610256124,0.6617192838873183,0.15,0.44818164725315507,0.4257517872851156,0.2965973777890035,0.5081654706044209,0.3959574930604247
sub-149,115.0,10.028629848081003,0.0718219066666666,11.393342572823538,0.5679994906697955,-0.04642857142857142,0.5850639272142578,0.3322483437230266,0.2502827033175051,0.6746917199840249,0.2751367828818216
sub-150,127.0,3.3937142907244504,0.0750176333333333,11.232818036725282,0.5512439182826451,-0.11071428571428568,1.0693479932139616,0.3585110111282139,0.3287537311270426,0.6104861836821045,0.3659412864979861
sub-151,109.0,8.496158926072898,0.1039928779999999,5.259747516311712,0.5201858792986189,-0.07857142857142857,0.2751652657027988,0.4122192234151354,0.2124874293954796,0.6286401470168608,0.3118393261370469
sub-152,122.5,13.189642719466994,0.0533762333333333,8.15780770111909,0.6628792456218174,0.2714285714285714,,0.4743580660963035,0.3057926027398229,0.599648421342434,0.3923758367123834
sub-153,118.0,12.266646143211888,0.1873614733333333,10.512222124592434,0.4978310763835907,-0.010714285714285713,0.4253785939636356,0.3898804882265539,0.2564201991781958,0.6203488504271114,0.3212641430843439
sub-154,134.5,10.80865221660184,0.114087158,8.256085130642617,0.6671705298964468,-0.2071428571428571,-0.42791375703792833,0.4891658145860086,0.2499952398507742,0.599077859000146,0.3878451870764604
sub-155,125.5,7.5723553028943105,0.0144519399999999,7.149682970045864,0.7072850503240313,-0.25357142857142856,0.12961791584328178,0.4711763322491969,0.2462865840483376,0.8271343003426446,0.1418519159567516
sub-156,97.0,27.23768914935124,0.1479283933333333,14.033993182633242,0.6491656621864865,0.08214285714285713,,0.3900380973402759,0.2585639519983177,0.3438205523072008,0.2702929467924977
sub-157,115.0,6.556740339990476,0.0845304933333333,12.348669360189694,0.6222578457423619,0.35,-0.3556540093821899,0.3498877303881244,0.3000200997785421,0.621868357917845,0.2809357822955568
sub-158,139.0,,,,,,0.47289006614893503,,,,
sub-159,104.5,,,,,,-0.8224743012171666,,,,
sub-160,130.0,5.348622273874189,0.0310094853333333,12.85121247665311,0.5439023363899875,-0.125,-0.2241154988168895,0.284895921633984,0.258735078556609,0.7679237815225867,0.1614758726107124
sub-161,89.5,19.482251381560967,0.1149585866666666,9.638712980121896,0.6342430881091528,0.3,0.31806841985018025,0.5395408571531765,0.2547996697464696,0.5268757534061267,0.2430725434246687
sub-162,116.5,25.60137912567497,0.10116066,16.987488029531885,0.4678752592631749,-0.15714285714285714,0.7070642408684124,0.4146090341789141,0.2518220825631447,0.5606722357287287,0.3081472196691366
sub-163,112.0,,,,,,0.14783184081489778,,,,
sub-164,118.0,5.670005685769553,0.1112549466666666,12.367840770366218,0.7239405031387625,-0.05357142857142857,-0.6171449680194837,0.4221759296013095,0.3230097795553089,0.5933897893858036,0.2947317454373986
sub-165,130.0,4.159436850202619,0.0705146866666666,10.31712933870759,0.5858231399740492,0.4107142857142856,0.08085584442112478,0.3681538675283032,0.2894826363625592,0.7242643178300493,0.1711022156870402
sub-166,100.0,10.067504683382598,0.117138058,10.758775582576344,0.6166204444315067,0.04285714285714285,0.027645042548338772,0.3767755091284342,0.3156743085749922,0.7165356841873137,0.1945212137794361
sub-167,124.0,6.397650972016726,0.053230992,9.70250891041111,0.659626909664699,0.06785714285714285,0.04355316484776528,0.3253888859856538,0.2837216940178458,0.7361464981358379,0.2328491031543119
sub-168,100.0,10.590320370551092,0.143643796,13.633728894806444,0.6599207280804871,-0.0,0.16291455343290825,0.3810570125996569,0.28233461896065,0.6745064228312789,0.2499570743300723
sub-169,128.5,11.506496859261487,0.1368900466666666,8.20210033531741,0.7115494608879089,0.14285714285714282,0.22792604524794252,0.4070752430409686,0.2809005076014662,0.5870029344950438,0.3123595084286464
sub-170,127.0,5.409133309620153,0.0779946399999999,8.041597626558586,0.4925972283201873,0.20357142857142854,0.6949720695704672,0.3921363410238325,0.2656500374558408,0.7481424844788674,0.236413460611737
sub-171,131.5,6.420173698168529,0.0547560133333333,13.822047058175253,0.606688244002206,0.13928571428571426,-0.33108168544568634,0.3249498692583946,0.2622576602939355,0.5437575830840742,0.356281274597569
